{"device":{"ratio":3,"iOS":false,"w":1080,"h":1920,"ua":"Mozilla/5.0 (Linux; Android 8.0.0; WAS-LX1A) AppleWebKit/537.36 (KHTML, like Gecko) Chrome/103.0.0.0 Mobile Safari/537.36"},"contactz":179,"interpolatedMode":true,"pointArray":[{"position":{"x":-16.117872953003616,"y":-31.939968911201625,"z":-177.67154525953237},"screen":{"x":817.2,"y":1557.8}},{"position":{"x":-15.999997753683896,"y":35.99999480748174,"z":-177.7999324751968},"screen":{"x":872.6,"y":480.8}},{"position":{"x":23.999996499965302,"y":1.4644106371974885e-8,"z":-179.07027465984797},"screen":{"x":313,"y":994}}]}